DHANENDRA SAHU,Abhanpur,Indian National Congress,76761

CHANDRASHEKHAR SAHU - CHAMPU BHAIYYA,Abhanpur,Bharatiya Janata Party,53290

DAYARAM NISHAD,Abhanpur,Janta Congress Chhattisgarh (J),21324

BRAMHANAND SAHU,Abhanpur,Independent,2249

SHWETA RAKESH SAHU,Abhanpur,Independent,2040

TIKENDRA SINGH THAKUR,Abhanpur,Nationalist Congress Party,1242

SHAKUNTALA MANDLE,Abhanpur,Independent,962

SANJAY RAI,Abhanpur,Aam Aadmi Party,695

SAVITRI PAL,Abhanpur,Independent,582

BHUNESHWAR,Abhanpur,Independent,479

TEKESHWAR CHATURVEDI,Abhanpur,Independent,244

DEEPAK KUMAR NAVRANGE,Abhanpur,Independent,182

None of the Above,Abhanpur,None of the Above,3005

GURU RUDRA KUMAR,Ahiwara,Indian National Congress,88735

RAJMAHANT SANWLA RAM DAHRE,Ahiwara,Bharatiya Janata Party,57048

DR.SHOBHA RAM BANJARE,Ahiwara,Bahujan Samaj Party,5844

RAM KUMAR SURVANSHI,Ahiwara,Independent,1513

AJAY RAMTEKE,Ahiwara,Aam Aadmi Party,1178

RAMBAGAS BHARTI,Ahiwara,Independent,705

PADMA PATIL,Ahiwara,SOCIALIST UNITY CENTRE OF INDIA (COMMUNIST),673

MANOJ KUMAR LAHARE,Ahiwara,Ambedkarite Party of India,638

GAIND LAL RAI,Ahiwara,Independent,595

NANDKUMAR MAHILANG,Ahiwara,Independent,507

ADVOCATE SHAILENDRA KUMAR BANJARE (SHAKTI PUTRA),Ahiwara,Shakti Sena (Bharat Desh),266

None of the Above,Ahiwara,None of the Above,3681

SAURABH SINGH,Akaltara,Bharatiya Janata Party,60502

RICHA JOGI,Akaltara,Bahujan Samaj Party,58648

CHUNNILAL SAHU,Akaltara,Indian National Congress,27667

BADRI PRASAD OGREY,Akaltara,Independent,971

CHANDRAHAS DEWANGAN,Akaltara,Aam Aadmi Party,958

PUSHPENDRA KUMAR JAISWAL,Akaltara,Nationalist Congress Party,746

SHIV KUMAR VISHWKARMA,Akaltara,Independent,682

RKS (RAM KUMAR SHRIWAS),Akaltara,Independent,552

RAJESH KUMAR BANJARE,Akaltara,Ambedkarite Party of India,483

JAGMOHAN PATLEY,Akaltara,Independent,481

DILESHWAR SAHU,Akaltara,National Democratic Peoples Front,345

SANJAY PRAKASH SAHU,Akaltara,Bhartiya Kisan Party,323

AMIR SINGH,Akaltara,Independent,308

JIWAN LAL YADAW,Akaltara,Samajwadi Party,301

DILESHWAR VISHWAKARMA,Akaltara,Shiv Sena,287

None of the Above,Akaltara,None of the Above,2242

T.S. BABA,Ambikapur,Indian National Congress,100439

ANURAG SINGH DEO,Ambikapur,Bharatiya Janata Party,60815

GOPAL PRASAD GUPTA,Ambikapur,Gondvana Gantantra Party,4459

TARUN KUMAR BHAGAT,Ambikapur,Independent,2173

KRANTI KUMAR RAWAT,Ambikapur,Independent,2103

SITA RAM DAS,Ambikapur,Bahujan Samaj Party,1322

T S SINGH (BABA),Ambikapur,Independent,1075

PARASNATH RAJWADE,Ambikapur,Independent,981

KRISHNA NANDAN SINGH,Ambikapur,Independent,592

ARVIND KACHCHHAP,Ambikapur,Bahujan Mukti Party,507

SAKET TRIPATHI,Ambikapur,Aam Aadmi Party,424

TRIBHUVAN KUMAR,Ambikapur,Ambedkarite Party of India,360

MUSKAN RAJAK,Ambikapur,Independent,358

JHAMKESHWAR PAIKRA,Ambikapur,Chhattisgarh Swabhiman Manch,334

KAMAL KUMAR KASHYAP,Ambikapur,Independent,327

ALIMUDDIN QUADARI,Ambikapur,Independent,319

VIJAY TIWARI,Ambikapur,Independent,307

SATENDRA KUMAR SINGH,Ambikapur,Independent,288

SHARAD TRIPATHI,Ambikapur,Shiv Sena,284

SUJAN BIND,Ambikapur,Rashtriya mahan Gantantra Party,258

T.S.SINGH (BABA),Ambikapur,Janata Congress,254

VIJAY KUMAR PAIKRA,Ambikapur,Independent,161

None of the Above,Ambikapur,None of the Above,609

ANOOP NAG,Antagarh,Indian National Congress,57061

VIKRAM USENDI,Antagarh,Bharatiya Janata Party,43647

SUKHRANJAN USENDI URAF SILEDAR,Antagarh,Independent,4854

SANTRAM SARPHE (SALAM),Antagarh,Aam Aadmi Party,3981

HEMANT POYAM,Antagarh,Bahujan Samaj Party,1243

RUPDHAR PUDO,Antagarh,Ambedkarite Party of India,1085

LAXMAN SINGH KOMRA,Antagarh,Independent,922

NEHRU RAM KOMRA,Antagarh,Independent,683

SUNITA DHURVE MANDAL,Antagarh,Bhartiya Panchyat Party,663

PARVAR SINGH KOMRA,Antagarh,Gondvana Gantantra Party,607

BIRENDRA PARTE,Antagarh,Shiv Sena,484

None of the Above,Antagarh,None of the Above,4831

DR. SHIVKUMAR DAHARIYA,Arang,Indian National Congress,69900

SANJAY DHIDHI,Arang,Bharatiya Janata Party,44823

SANJAY CHELAK,Arang,Janta Congress Chhattisgarh (J),27903

SHARDA BANJARE,Arang,Independent,3042

NARAYAN PRASAD TANDAN,Arang,Independent,1528

DAGESHVAR BHARTI,Arang,Aam Aadmi Party,1423

SANTOSH KUMAR DAHARIYA,Arang,Shiv Sena,1112

SANJAY KUMAR KOSARIYA,Arang,Chhattisgarh Vikas  Party,1053

NAROTTAM BANJARE,Arang,Independent,552

ASHOK SONWANI,Arang,Independent,439

GAJENDRA SINGH KOSHLEY,Arang,Independent,379

DR. UDAY RATRE,Arang,Independent,361

NEHA BAGHEL,Arang,Bharatiya Bahujan Congress,360

TARJAN JANGADE,Arang,Independent,315

RIJHENDRA KUMAR DAHARIYA,Arang,Rashtriya Jansabha Party,265

ADVOCATE SHAILENDRA BANJARE(SHAKTI PUTRA ),Arang,Shakti Sena (Bharat Desh),202

None of the Above,Arang,None of the Above,1321

AMBICA SINGH DEO,Baikunthpur,Indian National Congress,48885

BHAIYALAL RAJWADE,Baikunthpur,Bharatiya Janata Party,43546

ENGR.SANJAY SINGH KAMRO,Baikunthpur,Gondvana Gantantra Party,20247

BIHARI LAL RAJWADE,Baikunthpur,Janta Congress Chhattisgarh (J),9236

SUNIL SINGH,Baikunthpur,Aam Aadmi Party,1504

RAM NARAYAN SAHU,Baikunthpur,Independent,1171

CHINTAMANI SANDILYA,Baikunthpur,Independent,710

GOPAL SINGH,Baikunthpur,Independent,615

RAM PRATAP SAHU,Baikunthpur,Bhartiya Panchyat Party,579

LAV SINGH UDAY,Baikunthpur,Rashtriya Gondvana Party,426

None of the Above,Baikunthpur,None of the Above,2630

PRAMOD KUMAR SHARMA,Balodabazar,Janta Congress Chhattisgarh (J),65251

JANAK RAM VERMA,Balodabazar,Indian National Congress,63122

TESU LAL DHURANDHAR,Balodabazar,Bharatiya Janata Party,48808

GANESH KUMAR AGRAWAL,Balodabazar,Independent,3093

GANGA RAM SHER,Balodabazar,Independent,3079

SANTOSH KUMAR YADU,Balodabazar,Shiv Sena,1634

MUKESH SAHU,Balodabazar,Independent,1530

KISHAN LAL,Balodabazar,Independent,1035

MANAHARAN LAL VERMA,Balodabazar,Aam Aadmi Party,979

ANIL KUMAR YADAV,Balodabazar,Ambedkarite Party of India,903

SMT. TIKESHWARI DHRUW,Balodabazar,Independent,824

GAUKARAN NISHAD,Balodabazar,Bhrashtachar Mukti Morcha,690

MAHENDRA KUMAR SAHU,Balodabazar,Chhattisgarh Swabhiman Manch,688

ASHWANI VERMA,Balodabazar,Independent,521

ROHIT PATIL,Balodabazar,Rashtriya Jansabha Party,368

None of the Above,Balodabazar,None of the Above,3167

DEVENDRA BAHADUR SINGH,Basna,Indian National Congress,67535

SAMPAT AGRAWAL,Basna,Independent,50027

DURGACHARAN(D.C.) PATEL,Basna,Bharatiya Janata Party,36394

TRILOCHAN NAYAK LUNGIWALA,Basna,Janta Congress Chhattisgarh (J),7758

DR. ANAMIKA PAUL,Basna,Independent,2475

MAHENDRA SAO,Basna,Independent,2123

KALESHWAR YADAV,Basna,National Democratic Peoples Front,1753

ASHOK PRADHAN,Basna,Shiv Sena,1007

JAGDISH SIDAR,Basna,Independent,923

PRAHALLAD BARIHA,Basna,Independent,833

SANKALP DASS,Basna,Aam Aadmi Party,493

GAURISHANKAR PATEL,Basna,Independent,492

KEDARNATH PATEL,Basna,Independent,406

SADANAND SAHU,Basna,Bhartiya Shakti Chetna Party,405

YAGENDRA BHOI,Basna,Samajwadi Party,350

None of the Above,Basna,None of the Above,2431

BAGHEL LAKHESHWAR,Bastar,Indian National Congress,74378

DR. SUBHAU KASHYAP,Bastar,Bharatiya Janata Party,40907

SONSAY KASHYAP,Bastar,Janta Congress Chhattisgarh (J),3688

JAGMOHAN BAGHEL,Bastar,Aam Aadmi Party,2121

DULAB SURYAVANSHI,Bastar,Independent,2034

None of the Above,Bastar,None of the Above,5083

RAJNISH KUMAR SINGH,Beltara,Bharatiya Janata Party,49601

RAJENDRA SAHU(DABBU),Beltara,Indian National Congress,43342

ANIL TAH,Beltara,Janta Congress Chhattisgarh (J),38308

SOHIT YADAV OR BUNTY,Beltara,Independent,2576

SHITAL SONI,Beltara,Aap Sabki Apni Party,1663

SANJAY SINGH(GURUJI),Beltara,Independent,1458

ARVIND KUMAR PANDEY,Beltara,Aam Aadmi Party,881

SURESH KUMAR KINLE,Beltara,Nationalist Congress Party,797

AJAY SHARMA,Beltara,Shiv Sena,680

PARAS RAM YADAW,Beltara,Independent,518

KIRAN KUMAR SINGH,Beltara,Gondvana Gantantra Party,452

RUPENDRA KUMAR SURYAWANSHI,Beltara,Republican Party of India (A),411

NAVEEN KUMAR SAHU,Beltara,Ambedkarite Party of India,387

RAMESH SAHU,Beltara,Janata Dal  (United),363

NANDKUMAR KAMAL,Beltara,India Praja Bandhu Party,186

None of the Above,Beltara,None of the Above,2176

ASHISH KUMAR CHHABRA,Bemetara,Indian National Congress,74914

AWADHESH SINGH CHANDEL,Bemetara,Bharatiya Janata Party,49783

YOGESH TIWARI,Bemetara,Janta Congress Chhattisgarh (J),28332

SANJEEV AGRAWAL,Bemetara,Independent,4374

SOHAN LAL NISHAD,Bemetara,Nirbal Indian Shoshit Hamara Aam Dal,4275

CHURAMAN SINGH SAHU,Bemetara,Janata Dal  (United),1713

ANJOR DHAS MAHANT,Bemetara,Independent,1332

RAMCHAND SAHU,Bemetara,Independent,969

DAURAM CHOUHAN,Bemetara,Shiv Sena,638

SAIYAD FARUQUE ALI,Bemetara,Aam Aadmi Party,613

YASHWANT SITARAM SAHU,Bemetara,Bhartiya Shakti Chetna Party,526

RAJESH DUBEY,Bemetara,Independent,469

MANMOHAN THAKUR,Bemetara,Independent,375

BHUNESHWAR SATNAMI,Bemetara,Independent,362

BALDAU PRASAD SIWARE,Bemetara,Ambedkarite Party of India,343

None of the Above,Bemetara,None of the Above,3789

MANOJ SINGH MANDAVI,Bhanupratappur,Indian National Congress,72520

DEO LAL DUGGA,Bhanupratappur,Bharatiya Janata Party,45827

KOMAL HUPENDI,Bhanupratappur,Aam Aadmi Party,9634

MANAK DARPATTI,Bhanupratappur,Janta Congress Chhattisgarh (J),9611

SIYA RAM PARCHAPI,Bhanupratappur,Gondvana Gantantra Party,2698

SHYAM LAL GAWDE,Bhanupratappur,Shiv Sena,1699

DURGA PRASAD THAKUR,Bhanupratappur,Ambedkarite Party of India,1565

None of the Above,Bhanupratappur,None of the Above,4235

GULAB KAMRO,Bharatpur-sonhat,Indian National Congress,51732

CHAMPADEVI PAWLE,Bharatpur-sonhat,Bharatiya Janata Party,35199

SHYAM SINGH MARKAM,Bharatpur-sonhat,Gondvana Gantantra Party,26632

KRISHANA PRASAD CHERVA,Bharatpur-sonhat,Bahujan Samaj Party,9689

SUKHMANTI BAI,Bharatpur-sonhat,Aam Aadmi Party,2205

SHARAN SINGH,Bharatpur-sonhat,Independent,1486

KRISHNA KANT NAGVANSHI,Bharatpur-sonhat,Chhattisgarh Vikas Ganga Rashtriya Party,1409

MADANLAL,Bharatpur-sonhat,Bhartiya Panchyat Party,837

POOJA SINGH POYA,Bharatpur-sonhat,Pichhara Samaj Party United,626

None of the Above,Bharatpur-sonhat,None of the Above,3360

SHIVRATAN SHARMA,Bhatapara,Bharatiya Janata Party,63399

SUNIL MAHESHWARI,Bhatapara,Indian National Congress,51490

CHAITRAM SAHU,Bhatapara,Janta Congress Chhattisgarh (J),45907

MURARI MISHRA,Bhatapara,Nationalist Congress Party,2269

MOHAN GAYAKWAD,Bhatapara,Independent,1963

NARAYAN SAHU,Bhatapara,Independent,1701

AMAR DAS MATRE,Bhatapara,Independent,1463

RESHAMLAL JOGI,Bhatapara,Independent,1153

KATYANI VERMA,Bhatapara,Aam Aadmi Party,1140

RADHECHARAN DHRUW,Bhatapara,Gondvana Gantantra Party,928

BHEEKHAM YADU,Bhatapara,Shiv Sena,837

SANTOSH KUMAR KOSHLE,Bhatapara,Independent,714

GOPAL NUT,Bhatapara,Asankhya Samaj Party,701

PRAVIN KUMAR SAHU,Bhatapara,Chhattisgarh Swabhiman Manch,654

TORANDAS KOSLE,Bhatapara,Independent,614

GIRJALAL TONDE,Bhatapara,Independent,468

SATYANARAYAN SONWANI,Bhatapara,Independent,370

PREMPRAKASH,Bhatapara,Bharat Bhoomi Party,365

None of the Above,Bhatapara,None of the Above,915

PARAS NATH RAJWADE,Bhatgaon,Indian National Congress,74623

RAJNI RAVISHANKAR TRIPATHI,Bhatgaon,Bharatiya Janata Party,58889

RAM ADHEEN POYA,Bhatgaon,Samajwadi Party,10050

SURENDRA CHOUDHARY,Bhatgaon,Janta Congress Chhattisgarh (J),9067

MADHU TIWARI,Bhatgaon,Independent,3967

SURENDRA LAL SINGH NETI,Bhatgaon,Communist Party of India  (Marxist),2673

DILEEP YADAV (KASKELA),Bhatgaon,Independent,1608

LAVKUSH THAKUR,Bhatgaon,Independent,1407

SAHEBAN PRASAD BHAGAT,Bhatgaon,Independent,1228

ALAM SAI SINGH,Bhatgaon,Independent,1005

D. K. SONI,Bhatgaon,Aam Aadmi Party,877

TILESHWAR PRASAD RAJWADE,Bhatgaon,Independent,844

OM PRAKASH SONWANI,Bhatgaon,Independent,807

SITA RAM BHASKAR,Bhatgaon,Independent,803

MOHAN SINGH TEKAM,Bhatgaon,Shiv Sena,734

KUMAIT SANDIL,Bhatgaon,Independent,692

UPENDRA GUPTA,Bhatgaon,Independent,683

RAMLAL RAJWADE,Bhatgaon,Bhartiya Panchyat Party,517

HARIBHAGAT YADAV,Bhatgaon,Independent,472

ANAND RAJWADE,Bhatgaon,Independent,439

None of the Above,Bhatgaon,None of the Above,981

DEVENDRA  YADAV,Bhilai Nagar,Indian National Congress,51044

PREM PRAKASH PANDEY,Bhilai Nagar,Bharatiya Janata Party,48195

DEENANATH JAISWAR,Bhilai Nagar,Bahujan Samaj Party,2662

SHATRUGHAN PRASAD,Bhilai Nagar,Independent,592

SURESH KUMAR ADIL,Bhilai Nagar,Independent,544

THANENDRA SAHU,Bhilai Nagar,Swabhiman Party,319

MO. RAZA SIDDIQUE,Bhilai Nagar,Aam Aadmi Party,276

AENUL HAQUE KHAN,Bhilai Nagar,Bhrashtachar Mukti Morcha,216

RAMPYARI BHARTI,Bhilai Nagar,Independent,208

BIJU JOHNSON,Bhilai Nagar,Chhattisgarh Swabhiman Manch,149

JAVED KHAN,Bhilai Nagar,Independent,123

ANWARUL HAQUE,Bhilai Nagar,Independent,91

JANISAR AKHTAR,Bhilai Nagar,Rashtriya Samajwadi Swabhiman Manch,72

MO. NASEEM,Bhilai Nagar,Bahujan Mukti Party,55

None of the Above,Bhilai Nagar,None of the Above,1147

VIKRAM MANDAVI,Bijapur,Indian National Congress,44011

MAHESH GAGDA,Bijapur,Bharatiya Janata Party,22427

CHANDRAIYA SAKNI,Bijapur,Janta Congress Chhattisgarh (J),2696

HARISH PAMBHOI,Bijapur,Independent,2004

SANTOSH PUNEM,Bijapur,Samajwadi Party,999

TRIPAT YALAM,Bijapur,Aam Aadmi Party,942

JAMES KUDIYAM,Bijapur,Independent,920

None of the Above,Bijapur,None of the Above,4703

CHANDRADEV PRASAD RAI,Bilaigarh,Indian National Congress,71936

SHYAM KUMAR TANDAN,Bilaigarh,Bahujan Samaj Party,62089

DR. SANAM JANGDE,Bilaigarh,Bharatiya Janata Party,40623

BHOJ RAM AJAGALE,Bilaigarh,Independent,10595

HARI RAM KURREY,Bilaigarh,Independent,2580

SANJAY KUMAR,Bilaigarh,Independent,1822

SANTOSH KUMAR SONWANI,Bilaigarh,Janata Congress,1083

ER. REVALAL SATNAMI,Bilaigarh,Independent,858

KOMAL PRASAD,Bilaigarh,Gondvana Gantantra Party,839

FULMANI TANDAN,Bilaigarh,Janta Congress Chhattisgarh (J),803

NAND KISHOR DEEP,Bilaigarh,Independent,654

TAKESH ALIAS TAKESHWAR,Bilaigarh,Independent,630

JAGANNATH MAHILANG,Bilaigarh,Aam Aadmi Party,568

NARESH KUMARI AJAY,Bilaigarh,Shiv Sena,456

NITESH KUMAR RATRE,Bilaigarh,Sunder Samaj Party,444

None of the Above,Bilaigarh,None of the Above,2789

SHAILESH PANDEY,Bilaspur,Indian National Congress,67896

AMAR AGRAWAL,Bilaspur,Bharatiya Janata Party,56675

BRIJESH SAHU,Bilaspur,Janta Congress Chhattisgarh (J),3641

DR. SHAILESH AHUJA  ADVOCATE,Bilaspur,Aam Aadmi Party,813

AVISHEK EKKA,Bilaspur,Independent,609

OMPRAKASH SINGH,Bilaspur,Independent,599

TOLARAM RELWANI,Bilaspur,Independent,496

ARJUN SHRIWASH,Bilaspur,Independent,346

AJAY KUMAR WAHNE,Bilaspur,Akhil Bhartiya Sarvadharma Samaj Party,307

SHEKHAR BANJARE,Bilaspur,Independent,195

RAJA KINNAR,Bilaspur,Independent,145

SANTOSH KUMAR KAUSHAL,Bilaspur,Shiv Sena,140

LAXMI KANT PANDEY,Bilaspur,Independent,133

SUSHIL JAIDEO CHAVHAN,Bilaspur,Ambedkarite Party of India,132

SHRIMATI RAJNI SETH,Bilaspur,Aap Sabki Apni Party,116

HAJI ABDUL RAJJAQ KHAN,Bilaspur,Independent,97

ABHISHEK KU. NISHAD,Bilaspur,Bharat Bhoomi Party,91

DR. BALMUKUND SINGH MARAVI,Bilaspur,Gondvana Gantantra Party,80

SHITLA PRASAD TRIPATHI,Bilaspur,Independent,76

MO. SALIM KHAN,Bilaspur,Bharatiya Sadbhawana Samaj Party,74

ANISH CHARAN,Bilaspur,India Praja Bandhu Party,67

RADHESHYAM SHARMA,Bilaspur,Independent,65

PAWAN KUMAR AWASTHI,Bilaspur,Independent,63

ASHISH KUMAR SHRIVASTAV,Bilaspur,Bhartiya Shakti Chetna Party,57

NILESH MASIH,Bilaspur,Independent,53

NARAIN PATRE,Bilaspur,Independent,51

BRIJESH SINGH KAUSHIK,Bilaspur,Independent,44

NEERA DEVI SONWANI,Bilaspur,Independent,37

None of the Above,Bilaspur,None of the Above,1153

DHARAM LAL KAUSHIK,Bilha,Bharatiya Janata Party,84431

RAJENDRA SHUKLA,Bilha,Indian National Congress,57907

SIYARAM KAUSHIK,Bilha,Janta Congress Chhattisgarh (J),29613

MANOJ THAKUR,Bilha,Independent,4518

SARDAR JASBEER SINGH,Bilha,Aam Aadmi Party,4428

DILIP KUMAR KOSHLE,Bilha,Independent,2583

NIKHADRAM NISHAD,Bilha,Nationalist Congress Party,1606

DEVPRASAD,Bilha,Independent,1215

GANESHRAM JOSHI,Bilha,Independent,1176

NAND KISHORE RAJ,Bilha,Gondvana Gantantra Party,747

VIJAY SHANKAR PATRE,Bilha,Ambedkarite Party of India,718

USMAN KHAN,Bilha,Independent,684

CHANDRAKALA DHIDHI,Bilha,Independent,637

DEVRAM SAHU,Bilha,Bharat Bhoomi Party,620

PRAMOD KUMAR GADEWAL,Bilha,Independent,616

SATVAN SINGH TANDON,Bilha,Independent,586

SURESH PANDEY,Bilha,Independent,321

RAMESH KUMAR LAHARE,Bilha,Independent,313

NIRANJAN KUMAR SAHU,Bilha,Independent,313

NARENDRA SHANDEY,Bilha,Janata Congress,311

B.P. VISHWAKARMA,Bilha,Independent,273

RAM CHARAN KENVAT,Bilha,Aap Sabki Apni Party,247

RAJKUMAR NAVRANG,Bilha,Rashtriya Jansabha Party,241

VINOD KUMAR SAHU,Bilha,Independent,233

MANIRAM GHRITLAHRE,Bilha,Bharatiya Sadbhawana Samaj Party,205

LAHARGANGA SONI,Bilha,Independent,195

RAJKUMAR YADAV,Bilha,Independent,159

LAXMAN DAS MANDLE,Bilha,Independent,139

ROOPDAS KURREY,Bilha,Independent,104

None of the Above,Bilha,None of the Above,1224

DAMARUDHAR PUJARI,Bindranawagarh,Bharatiya Janata Party,79619

SANJAY NETAM,Bindranawagarh,Indian National Congress,69189

ONKAR SHAH,Bindranawagarh,Gondvana Gantantra Party,19022

DEVENDRA THAKUR,Bindranawagarh,Bahujan Samaj Party,2752

SIYARAM NAGESH,Bindranawagarh,Aam Aadmi Party,2378

BHOJLAL NETAM,Bindranawagarh,Communist Party of India (Marxist-Leninist) Red Star,2083

None of the Above,Bindranawagarh,None of the Above,5515

RAM KUMAR YADAV,Chandrapur,Indian National Congress,51717

GITANJALI PATEL,Chandrapur,Bahujan Samaj Party,47299

BAHU RANI SANYOGITA SINGH JUDEV,Chandrapur,Bharatiya Janata Party,39638

SUMAN NOVEL VERMA,Chandrapur,Nationalist Congress Party,14429

RAJKUMAR YADAV,Chandrapur,Independent,1779

MANHARAN LAL KAMLESH,Chandrapur,Independent,690

ABHINAV SHUKLA,Chandrapur,Shiv Sena,611

BHANU PRAKASH CHANDRA,Chandrapur,Aam Aadmi Party,588

PAITRAM KHUNTE,Chandrapur,Independent,575

RAMKUMAR YADAV,Chandrapur,Independent,547

NAVEL KUMAR PANKAJ,Chandrapur,Independent,507

SUNDAR LAL CHOUHAN,Chandrapur,Independent,504

SATAYANAND SIDAR,Chandrapur,Ambedkarite Party of India,485

BALWANT SINGH,Chandrapur,Gondvana Gantantra Party,426

DADULAL TANDAN,Chandrapur,Independent,395

UMA KANT SAHU,Chandrapur,Bhartiya Shakti Chetna Party,387

SITA SARTHI,Chandrapur,Bharat Bhoomi Party,357

GEETANJALI PATEL,Chandrapur,Independent,346

None of the Above,Chandrapur,None of the Above,550

DEEPAK  BAIJ,Chitrakot,Indian National Congress,62616

LACHHURAM KASHYAP,Chitrakot,Bharatiya Janata Party,44846

TANKESHWAR BHARDWAJ,Chitrakot,Janta Congress Chhattisgarh (J),7494

DHARMURAM KASHYAP,Chitrakot,Independent,3032

SURESH KAWASI ALIAS SARGEEM KAWASI,Chitrakot,Shiv Sena,2297

LAKHESHWAR KAWASI,Chitrakot,Ambedkarite Party of India,1791

DANTIRAM POYAM,Chitrakot,Aam Aadmi Party,1517

None of the Above,Chitrakot,None of the Above,9824

BHIMA MANDAVI,Dantewara,Bharatiya Janata Party,37990

DEVATI KARMA,Dantewara,Indian National Congress,35818

NANDA RAM SORI,Dantewara,Communist Party of India,12195

KESHAV NETAM,Dantewara,Bahujan Samaj Party,6119

BALOO RAM BHAWANI,Dantewara,Aam Aadmi Party,4903

JAYA KASHYAP,Dantewara,Independent,3555

SUDHRU RAM KUNJAM,Dantewara,Bhartiya Panchyat Party,3154

None of the Above,Dantewara,None of the Above,9929

RANJANA DIPENDRA  SAHU,Dhamtari,Bharatiya Janata Party,63198

GURUMUKH SINGH HORA,Dhamtari,Indian National Congress,62734

ANAND PAWAR,Dhamtari,Independent,29163

DIGVIJAY SINGH KRIDUTT,Dhamtari,Janta Congress Chhattisgarh (J),3299

RAJESHWARI DOMAN SAHU,Dhamtari,Independent,2856

TIRATH RAJ FUTAN (GADDI),Dhamtari,Independent,2061

SHATRUHAN SINGH SAHU,Dhamtari,Aam Aadmi Party,1736

BHAGESH BAID,Dhamtari,Independent,1585

RANJANA SAHU,Dhamtari,Independent,1189

KEWAL SINGH NETAM,Dhamtari,Gondvana Gantantra Party,812

GYANCHAND PARAKH (GYANU),Dhamtari,Independent,655

AKASH DEWANGAN,Dhamtari,Independent,566

BHARATLAL SATNAMI,Dhamtari,Independent,537

DR. GEINDLAL SATNAMI,Dhamtari,Independent,478

DR. NEPALSINGH SAHU,Dhamtari,Independent,350

GOPAL JOSHI,Dhamtari,Independent,269

JANMEJAI MAHILANGE,Dhamtari,Rashtriya Jansabha Party,222

YOGENDRA KUMAR SAHU,Dhamtari,Pichhara Samaj Party United,221

None of the Above,Dhamtari,None of the Above,551

LALJEET SINGH RATHIA,Dharamjaigarh,Indian National Congress,95173

LEENAV BIRJU RATHIA,Dharamjaigarh,Bharatiya Janata Party,54838

SANTRAM RATHIA,Dharamjaigarh,Janta Congress Chhattisgarh (J),4574

HARI TIRKEY,Dharamjaigarh,Independent,2314

LAKHAN LAL BAIGA,Dharamjaigarh,Ambedkarite Party of India,1615

JAI SINGH SIDAR,Dharamjaigarh,Samajwadi Party,1563

ANUP KUMAR BARWA,Dharamjaigarh,Bahujan Mukti Party,1538

LINYUS TOPPO,Dharamjaigarh,Independent,1241

PREM SINGH RATHIA,Dharamjaigarh,Aam Aadmi Party,1174

None of the Above,Dharamjaigarh,None of the Above,5954

ANITA YOGENDRA SHARMA,Dharsiwa,Indian National Congress,78989

DEVJI BHAI PATEL,Dharsiwa,Bharatiya Janata Party,59589

PANNA LAL SAHU,Dharsiwa,Janta Congress Chhattisgarh (J),14968

SANJU YADAV,Dharsiwa,Independent,3343

SANGITA BAGHEL,Dharsiwa,Independent,2197

DR. OM PRAKASH SAHU,Dharsiwa,Samajwadi Party,632

TAMESHWAR SAHU,Dharsiwa,Independent,592

PURAN LAL BAGHEL,Dharsiwa,Independent,521

ANIL PURI GOSWAMI,Dharsiwa,Independent,390

DHANESH KUMAR MAIRISHA,Dharsiwa,Ambedkarite Party of India,383

SANTOSH DUBEY,Dharsiwa,Aam Aadmi Party,324

RAJESH KUMAR BANJARE,Dharsiwa,Rashtriya Jansabha Party,293

DASHRATH BIRJALE,Dharsiwa,Independent,280

TIKARAM SAHU,Dharsiwa,Independent,265

GULAB TANDON,Dharsiwa,Independent,236

GUNISH KUMAR VERMA (LATE CHHEDULAL VERMA),Dharsiwa,Independent,127

None of the Above,Dharsiwa,None of the Above,1361

ANILA BHENDIA,Dondi lohara,Indian National Congress,67448

LAL MAHENDRA SINGH TEKAM,Dondi lohara,Bharatiya Janata Party,34345

DEV LAL THAKUR,Dondi lohara,Independent,21360

JANAK LAL THAKUR,Dondi lohara,Independent,19242

RAJESH CHURENDRA,Dondi lohara,Janta Congress Chhattisgarh (J),13929

HITESHWARI KOTHARI,Dondi lohara,Independent,1902

MAHESH KUMAR KORETI,Dondi lohara,Ambedkarite Party of India,1279

RAMESH KUMAR CHURENDRA,Dondi lohara,Swabhiman Party,1256

YUGAL KISHOR RATRE,Dondi lohara,Aam Aadmi Party,1100

None of the Above,Dondi lohara,None of the Above,4842

DALESHWAR SAHU,Dongargaon,Indian National Congress,84581

MADHUSUDAN YADAV,Dongargaon,Bharatiya Janata Party,65498

VANI VILASH PATEL,Dongargaon,Independent,1863

REKHCHAND MANDLE,Dongargaon,Independent,1782

ASHOK VERMA,Dongargaon,Bahujan Samaj Party,1482

CHANDRMANI VERMA,Dongargaon,Aam Aadmi Party,1474

JITENDRA SAHU,Dongargaon,Gondvana Gantantra Party,765

MANMOHAN AGRAWAL,Dongargaon,Independent,574

SANDEEP TEMBURKAR,Dongargaon,Ambedkarite Party of India,380

BANSHI LAL SINHA,Dongargaon,Independent,352

TIJAU RAM VERMA,Dongargaon,Independent,255

RAJ KUMAR SAHU,Dongargaon,Shiv Sena,251

None of the Above,Dongargaon,None of the Above,2257

BHUNESHWAR SHOBHARAM BAGHEL,Dongargarh,Indian National Congress,86949

SAROJANI BANJARE,Dongargarh,Bharatiya Janata Party,51531

TARUN KUMAR HATHEL,Dongargarh,Independent,6699

MISHRI LAL MARKANDE,Dongargarh,Bahujan Samaj Party,5388

DILIP KUMAR LAHARE,Dongargarh,Gondvana Gantantra Party,1407

YUVRAJ SIRMAUR,Dongargarh,Independent,1312

ANIL KUMAR UMARE,Dongargarh,Ambedkarite Party of India,1033

YEESHU CHANDEY,Dongargarh,Aam Aadmi Party,887

VIJENDRA BORKER,Dongargarh,Independent,880

MOHAN KOTLE,Dongargarh,Independent,593

None of the Above,Dongargarh,None of the Above,3896

ARUN VORA,Durg City,Indian National Congress,64981

CHANDRIKA CHANDRAKAR,Durg City,Bharatiya Janata Party,43900

PRATAP MADHYANI,Durg City,Janta Congress Chhattisgarh (J),20634

KANCHAN SHENDRE,Durg City,Independent,1733

DR. S. K. AGRAWAL,Durg City,Aam Aadmi Party,1701

SUBHASH KUMAR PAUL,Durg City,India Praja Bandhu Party,554

KAMLESH KUMAR NAGARCHI,Durg City,Independent,553

BRAMHA TIWARI,Durg City,Independent,462

ANOOP KUMAR PANDEY,Durg City,Independent,398

AATMA RAM SAHU,Durg City,SOCIALIST UNITY CENTRE OF INDIA (COMMUNIST),375

BALDEV SINGH SAHU,Durg City,Chhattisgarh Swabhiman Manch,339

RAS BIHARI BARI,Durg City,Independent,319

SUNIL KUMAR MARKANDEY,Durg City,Ambedkarite Party of India,309

ARUN KUMAR JOSHI,Durg City,Independent,269

TAMESHWAR TIWARI,Durg City,Akhil Bharat Hindu Mahasabha,262

BRAJESH KUMAR YADAV,Durg City,Samajwadi Party,257

SURYA NARAYAN SONWANI,Durg City,Pichhara Samaj Party United,234

MAHELKA BEGUM SHEKH,Durg City,Independent,148

SURESH KUMAR VERMA,Durg City,Independent,128

SUJATA SINGH,Durg City,Bhartiya Panchyat Party,123

ADVOCATE RAMRATAN SAHU,Durg City,Independent,63

None of the Above,Durg City,None of the Above,1471

TAMRADHWAJ SAHU,Durg Gramin,Indian National Congress,76208

JAGESHWAR SAHU,Durg Gramin,Bharatiya Janata Party,49096

DR. BALMUKUND DEWANGAN,Durg Gramin,Janta Congress Chhattisgarh (J),11485

CHUMMAN LAL DESHMUKH,Durg Gramin,Independent,2819

BALMUKUND DEWANGAN,Durg Gramin,Independent,2069

BADRI PRASAD PARKAR,Durg Gramin,Chhattisgarh Swabhiman Manch,1336

ISHWARI KURRE,Durg Gramin,Aam Aadmi Party,1286

SATISH PARAKH,Durg Gramin,Democratic Party of India,970

JAGESHWAR KUMAR SAHU,Durg Gramin,Independent,553

None of the Above,Durg Gramin,None of the Above,2603

KUNWER SINGH NISHAD,Gunderdehi,Indian National Congress,110369

DEEPAK TARACHAND SAHU,Gunderdehi,Bharatiya Janata Party,54975

RAJENDRA KUMAR RAI,Gunderdehi,Janta Congress Chhattisgarh (J),8648

RAMAN KUMAR  SAHU,Gunderdehi,Independent,1835

NAMRATA SONI,Gunderdehi,Aam Aadmi Party,1261

CHANDRAHAS KALICHARAN SAHU,Gunderdehi,Bhartiya Panchyat Party,909

DHANNULAL MARKANDE,Gunderdehi,Independent,671

BUDHELAL KOSLE,Gunderdehi,Independent,655

NEETA SAHU,Gunderdehi,Shiv Sena,582

MITHILESH PISDA,Gunderdehi,Ambedkarite Party of India,513

GAURAV KUMAR CHANDRAKAR,Gunderdehi,Independent,496

TAMRAJDHWAJ SAHU,Gunderdehi,Chhattisgarh Swabhiman Manch,429

LEDGU RAM,Gunderdehi,Rashtriya Jansabha Party,347

None of the Above,Gunderdehi,None of the Above,5014

REKHCHAND JAIN,Jagdalpur,Indian National Congress,76556

SANTOSH BAFNA,Jagdalpur,Bharatiya Janata Party,49116

MANGALRAM KASHYAP,Jagdalpur,Communist Party of India,3020

AMIT PANDEY,Jagdalpur,Janta Congress Chhattisgarh (J),2801

NASEEM QURESHI,Jagdalpur,Independent,2306

PAPPURAM NAG,Jagdalpur,Independent,1382

SURENDRA CHALKI,Jagdalpur,India Praja Bandhu Party,1233

KARIYA DIWAN,Jagdalpur,Shiv Sena,1081

JAGATRAM NAG,Jagdalpur,Independent,1075

ROHIT SINGH ARYA,Jagdalpur,Aam Aadmi Party,861

SAROJ YADAV,Jagdalpur,Rashtriya Jansambhavna Party,717

PALANRAM SAHU,Jagdalpur,Independent,488

SHYAM GHOSH,Jagdalpur,Bhartiya Panchyat Party,475

MUNNARAM BAGHEL,Jagdalpur,Independent,410

SHIVCHARAN,Jagdalpur,Akhil Bharat Samagra Kranti Party,389

SALIM RAZA,Jagdalpur,Independent,357

PURUSHOTTAM SHUKLA,Jagdalpur,Rashtriya Gondvana Party,346

VIRENDRA  VAIDH(SINHA),Jagdalpur,Rashtriya Jansabha Party,335

VIMLESH DUBEY,Jagdalpur,Samajwadi Party,287

NANDLAL GUPTA(NANDU BHAIYYA),Jagdalpur,Bhartiya Naujawan Inklav Party,267

YASHODA VISHWAKARMA,Jagdalpur,Independent,213

None of the Above,Jagdalpur,None of the Above,936

KESHAV PRASAD CHANDRA,Jaijaipur,Bahujan Samaj Party,64774

KAILASH SAHU,Jaijaipur,Bharatiya Janata Party,43087

ANIL KUMAR CHANDRA,Jaijaipur,Indian National Congress,38594

NARSINGH SINHA,Jaijaipur,Independent,1286

SAHEB LAL CHANDRA,Jaijaipur,Independent,1156

RESHAMLAL KHUNTE,Jaijaipur,Independent,1134

SANTOSH KUMAR JATWAR,Jaijaipur,Ambedkarite Party of India,1036

MARTAND SINGH BANAFAR,Jaijaipur,Aam Aadmi Party,1026

RAM SAY KASHYAP,Jaijaipur,Independent,964

PITAMBER DEEWAR,Jaijaipur,Shiv Sena,773

RAJ KUMAR CHANDRA,Jaijaipur,Independent,435

SHANTI KUMAR RATRE (WAKIL),Jaijaipur,Gondvana Gantantra Party,333

None of the Above,Jaijaipur,None of the Above,1527

NARAYAN CHANDEL,Janjgir-champa,Bharatiya Janata Party,54040

MOTILAL DEWANGAN,Janjgir-champa,Indian National Congress,49852

BYAS NARAYAN KASHYAP,Janjgir-champa,Bahujan Samaj Party,33505

SANJAY KUMAR SHARMA,Janjgir-champa,Aam Aadmi Party,1538

SUDHIR YADAV,Janjgir-champa,Communist Party of India,1422

RAMLALLA SATNAMI,Janjgir-champa,Independent,1161

MAYARAM NAT,Janjgir-champa,Independent,978

AAJAD MAHENDRA DEWANGAN,Janjgir-champa,Independent,868

ASHOK CHOWDHARY,Janjgir-champa,Nationalist Congress Party,755

BHOLARAM SATNAMI,Janjgir-champa,Independent,372

INNAL BIND,Janjgir-champa,Nirbal Indian Shoshit Hamara Aam Dal,311

AJAY KUMAR DEWANGAN,Janjgir-champa,Independent,295

SANJAY PRAKASH SAO,Janjgir-champa,Bhartiya Kisan Party,282

SANTOSH KUMAR KASHYAP (BUDENA WALE),Janjgir-champa,National Democratic Peoples Front,281

SHIV BHANU SINGH KSHATRY,Janjgir-champa,Janata Dal  (United),219

None of the Above,Janjgir-champa,None of the Above,1240

VINAY KUMAR BHAGAT,Jashpur,Indian National Congress,71963

GOVIND RAM BHAGAT,Jashpur,Bharatiya Janata Party,63937

PRADEEP SINGH,Jashpur,Independent,10646

NAN RAM BHARDWAJ,Jashpur,Independent,4784

KRIPA SHANKAR BHAGAT,Jashpur,Samajwadi Party,2551

VISHNU RAM,Jashpur,Independent,2394

ROHIT LAKRA,Jashpur,Aam Aadmi Party,2281

GAGANMATI BHAGAT,Jashpur,Bahujan Samaj Party,2081

EMMANUEL KERKETTA,Jashpur,Republican Party of India (A),1886

RENUKA BHAGAT,Jashpur,Independent,1634

SUKRU BHAGAT,Jashpur,Bhartiya Tribal Party,1005

HARSH KUJUR,Jashpur,Bahujan Mukti Party,899

None of the Above,Jashpur,None of the Above,4317

SHISHUPAL SHORI,Kanker,Indian National Congress,69053

HIRA MARKAM,Kanker,Bharatiya Janata Party,49249

HEMLAL MARKAM,Kanker,Gondvana Gantantra Party,6206

RAMSAHAY KORRAM,Kanker,Bahujan Samaj Party,3014

BISHAL DHRUW,Kanker,Aam Aadmi Party,2016

DEEPAK KUMAR USENDI,Kanker,Independent,1882

None of the Above,Kanker,None of the Above,3323

SHAKUNTALA SAHU,Kasdol,Indian National Congress,121422

GAURISHANKAR AGRAWAL,Kasdol,Bharatiya Janata Party,73004

PARMESHWAR YADU,Kasdol,Janta Congress Chhattisgarh (J),18170

RAMESHWAR PRASAD KAIWART,Kasdol,Bahujan Samaj Party,9558

JAGJEEWAN KUMAR NARANGE,Kasdol,Independent,3917

KRISHNA KANT PANDEY,Kasdol,Independent,2128

CHHABI LAL KANWAR,Kasdol,Bhartiya Shakti Chetna Party,1917

DASRU RAM PAIKARA,Kasdol,Independent,1560

TARACHAND KASHYAP,Kasdol,Independent,1485

CHARAN DAS,Kasdol,Independent,1370

DHARMU PRABHUWA,Kasdol,Independent,1288

ASHOK SAHU,Kasdol,Independent,1098

SHAKUNTALA SAHU,Kasdol,Nationalist Congress Party,1009

GYANPRAKASH,Kasdol,Independent,789

SANJAY BANJARE,Kasdol,Janata Congress,741

PROFESSOR DR. SHANTI KUMAR KAIWARTYA,Kasdol,Independent,735

GOVIND SAHU,Kasdol,Independent,734

MANHARAN SAHU,Kasdol,Shiv Sena,577

RADHE LAL CHANDRAKAR,Kasdol,Chhattisgarh Swabhiman Manch,519

DR. SAHDEV DANDEKAR,Kasdol,Janata Dal  (United),484

SHYAMA CHARAN SAHU,Kasdol,Aam Aadmi Party,453

SHANKAR LAL TANDAN,Kasdol,Independent,423

NILKANTH VERMA,Kasdol,Independent,406

SANTOSH KUMAR MARKANDEY,Kasdol,Independent,387

PURAN LAL KATHOTRE,Kasdol,Independent,324

RAHUL KAIWARTYA,Kasdol,Independent,307

DURGESHWAR PRASAD SAHU,Kasdol,Independent,297

PRABHAT KUMAR YADAV,Kasdol,Independent,244

PRANNATH SAHU,Kasdol,Independent,181

None of the Above,Kasdol,None of the Above,1588

PURUSHOTTAM KANWAR,Katghora,Indian National Congress,59227

LAKHANLAL DEWANGAN,Katghora,Bharatiya Janata Party,47716

GOVIND SINGH RAJPUT,Katghora,Janta Congress Chhattisgarh (J),30509

LALIT MANIKPURI,Katghora,Gondvana Gantantra Party,4520

SAPURAN KULDEEP,Katghora,Communist Party of India  (Marxist),4113

CHANDRAKANT DIXENA CHANDU,Katghora,Aam Aadmi Party,1278

MADHURI KAIWART,Katghora,Bharat Bhoomi Party,1155

BHARATLAL SHROTE,Katghora,Independent,1070

DILIP SINGH KANWAR,Katghora,Ambedkarite Party of India,895

PURUSHOTTAM SINGH KANWAR,Katghora,Janata Congress,645

None of the Above,Katghora,None of the Above,2867

AKBAR BHAI,Kawardha,Indian National Congress,136320

ASHOK SAHU,Kawardha,Bharatiya Janata Party,77036

RAMKHILAWAN DAHARIYA,Kawardha,Independent,6604

AGAM DAS ANANT,Kawardha,Janta Congress Chhattisgarh (J),6250

RAM KUMAR SAHU,Kawardha,Independent,2947

REKHACHAND BAGHEL,Kawardha,Independent,1990

MALESH KUMAR MARKAM,Kawardha,Gondvana Gantantra Party,1475

MOHIT SAHOO,Kawardha,Independent,1265

BHOJ KUMAR BANJARA,Kawardha,Independent,903

SIYADEVI PENDRO,Kawardha,Independent,701

AGHAN SINGH YADAV,Kawardha,Samajwadi Party,547

KAMLESH TIWARI DAMRUWALE,Kawardha,Independent,468

ASHOK SAHU,Kawardha,Chhattisgarh Swabhiman Manch,465

KRITI DEVI SINGH (YOGESHWR RAJ SINGH),Kawardha,Independent,459

GOPAL SINGH KHUSARO,Kawardha,Independent,438

KAUSHAL KUMAR MOHLE,Kawardha,Independent,402

AJAY PALI (BABA),Kawardha,Shiv Sena,381

AKBAR AJMER,Kawardha,Independent,342

SANTLAL DHURWEY,Kawardha,Independent,296

SUSHIL KUMAR SATYAVANSHI,Kawardha,Independent,268

SEWARAM PATRE,Kawardha,Independent,233

None of the Above,Kawardha,None of the Above,949

SANT RAM NETAM,Keshkal,Indian National Congress,73470

HARISHANKAR NETAM,Keshkal,Bharatiya Janata Party,56498

JUGALKISHOR BODH,Keshkal,Bahujan Samaj Party,4903

KAMLESH KUMAR SALAM,Keshkal,Aam Aadmi Party,2791

RADHIKA SODI,Keshkal,Communist Party of India,2180

SURESH KUMAR NETAM,Keshkal,Independent,2078

BINDESH RANA,Keshkal,Janata Dal  (United),2008

HIRAU RAM SHORI,Keshkal,Independent,1963

None of the Above,Keshkal,None of the Above,6113

DEVWRAT SINGH,Khairagarh,Janta Congress Chhattisgarh (J),61516

KOMAL JANGHEL,Khairagarh,Bharatiya Janata Party,60646

GIRWAR JANGHEL,Khairagarh,Indian National Congress,31811

SARJU JANGHEL,Khairagarh,Independent,4060

DINESH SINGH,Khairagarh,Shiv Sena,1775

GYANENDRA KUMAR VERMA,Khairagarh,Independent,1456

YOGENDRA KUMAR THAKUR (MARKAM),Khairagarh,Independent,1343

MANOJ GUPTA,Khairagarh,Aam Aadmi Party,1209

SANTOSH DESHMUKH,Khairagarh,Independent,1114

MAHAVEER JANGHEL,Khairagarh,Independent,599

AAM AADMI MAHESH JANGHEL,Khairagarh,Independent,528

RAJESH VERMA,Khairagarh,Ambedkarite Party of India,525

AJAY SINGH,Khairagarh,Independent,326

TIJAU RAM JANGHEL,Khairagarh,Independent,282

BHUSHAN BANJARE,Khairagarh,Independent,251

None of the Above,Khairagarh,None of the Above,3068

DWARIKADHISH YADAV,Khallari,Indian National Congress,96108

MONIKA DILIP SAHU,Khallari,Bharatiya Janata Party,39130

PARESH BAGBAHARA,Khallari,Janta Congress Chhattisgarh (J),12649

BHEKHLAL SAHU URF BHEKHU,Khallari,Independent,5228

BASANTA THAKUR,Khallari,Nationalist Congress Party,2972

MOHINI RAJENDRA PANDE,Khallari,Independent,1376

BHUKHAN LAL SAHU,Khallari,Independent,1219

BHUWANLAL SAHU,Khallari,Independent,935

CHAMPALAL PATEL,Khallari,Independent,829

SANTOSH CHANDRAKAR,Khallari,Aam Aadmi Party,764

NAND KUMAR NISHAD,Khallari,Pichhara Samaj Party United,683

LOKESWAR CHANDRAKAR (LOKU),Khallari,Shiv Sena,665

KUMAR GOND,Khallari,Gondvana Gantantra Party,577

DAYARAM,Khallari,Independent,529

JAGESHWAR (JUGNU) CHANDRAKAR,Khallari,Independent,421

TEJSINGH,Khallari,Independent,343

ROSHAN TANDE,Khallari,Independent,332

GOVARDHAN NISHAD,Khallari,Rashtriya Jansabha Party,269

RAMAWATAR DHRUW,Khallari,Independent,168

MO. SARFARAJ,Khallari,Independent,103

None of the Above,Khallari,None of the Above,499

UMESH PATEL,Kharsia,Indian National Congress,94201

OP CHOUDHARY,Kharsia,Bharatiya Janata Party,77234

VIJAY SHARMA,Kharsia,Independent,1252

NARAYAN SIDAR,Kharsia,Bahujan Samaj Party,965

AMAR AGRAWAL,Kharsia,Aam Aadmi Party,600

RAMESH KUMAR AGRAWAL,Kharsia,Independent,333

DHANMATI RATHIA,Kharsia,Ambedkarite Party of India,306

SAKRAMATI SITRAM SIDAR,Kharsia,Gondvana Gantantra Party,235

BHOGILAL YADAV (ADVOCATE),Kharsia,Independent,201

UMMED SINGH RATHIA,Kharsia,Independent,156

STAR RAMKUMAR,Kharsia,Sunder Samaj Party,155

None of the Above,Kharsia,None of the Above,2368

CHHANNI CHANDU SAHU,Khujji,Indian National Congress,71733

HIRENDRA KUMAR SAHU,Khujji,Bharatiya Janata Party,44236

JARNAIL SINGH BHATIYA,Khujji,Janta Congress Chhattisgarh (J),14507

MADAN LAL NETAM,Khujji,Independent,6766

RAMKRISHN YADU,Khujji,Independent,3536

DEVI LAL MARKAM,Khujji,Independent,2699

ARJUN SINGH THAKUR (KORRAM ),Khujji,Ambedkarite Party of India,1031

KAMAL DAS SAHU,Khujji,Independent,910

RAMESH YADAV,Khujji,Aam Aadmi Party,839

ANITA SINHA,Khujji,Pichhara Samaj Party United,830

DEV PARSHAD YADAV (RAJU),Khujji,Shiv Sena,791

TIJU RAM SAHU,Khujji,Independent,771

CHANDRA PRAKASH SINHA,Khujji,Gondvana Gantantra Party,626

KEDAR RAM YADAV,Khujji,Independent,535

SURENDRA SINGH,Khujji,Janata Dal  (United),438

AKIL BHAI,Khujji,Independent,421

None of the Above,Khujji,None of the Above,1383

MOHAN MARKAM,Kondagaon,Indian National Congress,61582

LATA USENDI,Kondagaon,Bharatiya Janata Party,59786

NARENDRA NETAM,Kondagaon,Bahujan Samaj Party,4769

RAMCHANDRA NAG,Kondagaon,Communist Party of India,3883

SUKHARAM NETAM,Kondagaon,Independent,2906

None of the Above,Kondagaon,None of the Above,5146

KAWASI LAKHMA,Konta,Indian National Congress,31933

DHANIRAM BARSE,Konta,Bharatiya Janata Party,25224

MANISH KUNJAM,Konta,Communist Party of India,24549

VIJAY SODI,Konta,Chhattisgarh Swabhiman Manch,1660

BUDHRAM KARTAMI,Konta,Bahujan Samaj Party,1660

RAMDEV BAGHEL,Konta,Aam Aadmi Party,1619

None of the Above,Konta,None of the Above,4468

JAISINGH AGRAWAL(JAISINGH BHAIYA),Korba,Indian National Congress,70119

VIKAS MAHTO,Korba,Bharatiya Janata Party,58313

RAM SINGH AGRAWAL(CHACHA),Korba,Janta Congress Chhattisgarh (J),20938

VISHAL KELKAR(ENGINEER),Korba,Independent,4859

RAM LAL SURYWANSHI,Korba,Independent,1210

RAJESH PANDEY,Korba,Independent,914

VIKAS KUMAR MAHTO,Korba,Nationalist Congress Party,671

SHERE HAQUE,Korba,Independent,636

ANUP AGRAWAL,Korba,Aam Aadmi Party,632

AMARNATH AGRAWAL(AMARNATH MATIMANCH),Korba,Independent,573

LAKHAN LAL DEWANGAN,Korba,Samajwadi Party,385

DHARMENDRA SINGH DHRUW,Korba,Ambedkarite Party of India,309

MADHUR ROBERTS( GURUJI),Korba,Rashtriya Gondvana Party,271

RAJJAK ALI,Korba,Independent,267

RAM CHARAN PATEL,Korba,Independent,254

DHANSAI MADHUKAR(DR. D.S. MADHUKAR),Korba,Chhattisgarh Vikas Ganga Rashtriya Party,173

DUDEN KHANDE,Korba,Independent,127

PAWAN MAHANT,Korba,Independent,124

SUSHIL KUMAR VISHVAKARMA,Korba,Independent,123

SATRUDHAN SAHU,Korba,Independent,105

None of the Above,Korba,None of the Above,1014

RENU AJIT JOGI,Kota,Janta Congress Chhattisgarh (J),48800

KASHI RAM SAHU,Kota,Bharatiya Janata Party,45774

VIBHOR SINGH,Kota,Indian National Congress,30803

BALARAM ARMO,Kota,Gondvana Gantantra Party,8163

HARISH CHANDEL,Kota,Aam Aadmi Party,4953

DR. URMILA SINGH MARKO,Kota,Rashtriya Gondvana Party,1590

HARISH KUMAR MANDWA,Kota,Independent,1326

VIRENDRA KUMAR NETAM,Kota,Ambedkarite Party of India,1052

SHAMBHU PRASAD SHARMA ADVOCATE,Kota,Bharat Bhoomi Party,975

SANDEEP SINGH PORTE,Kota,Independent,791

MAHANT JAG KUMAR SHARMA,Kota,Independent,760

None of the Above,Kota,None of the Above,3942

U. D. MINJ,Kunkuri,Indian National Congress,69896

BHARAT SAI,Kunkuri,Bharatiya Janata Party,65603

BENJAMIN MINJ,Kunkuri,Bahujan Samaj Party,1970

ASUNDEV SAI,Kunkuri,Aam Aadmi Party,1842

SUSHILA SAI PAINKRA,Kunkuri,Independent,1619

KAMLESHWAR RAM NAYAK,Kunkuri,Independent,1574

MUKTI MINJ,Kunkuri,Independent,1571

BALRAM KUNWAR,Kunkuri,Ambedkarite Party of India,1106

BODH SAI,Kunkuri,Bhartiya Tribal Party,1047

KAUSHAL KUMAR OHDAR,Kunkuri,Independent,908

SHYAM SUNDAR MARAVI,Kunkuri,Gondvana Gantantra Party,888

SATMAN SAI,Kunkuri,Chhattisgarhi Samaj Party,480

INDRANATH PAINKRA,Kunkuri,Independent,458

MANOHAR TIRKEY,Kunkuri,Republican Party of India (A),340

None of the Above,Kunkuri,None of the Above,2129

AJAY CHANDRAKAR,Kurud,Bharatiya Janata Party,72922

NEELAM CHANDRAKAR,Kurud,Independent,60605

LAXMIKANTA SAHU,Kurud,Indian National Congress,26483

KANHAIYA LAL SAHU,Kurud,Bahujan Samaj Party,2888

YUGESHWAR SAHU,Kurud,Independent,1341

NEERA CHANDRAKAR,Kurud,Independent,1253

TEJENDRA KUMAR TODEKAR,Kurud,Aam Aadmi Party,1252

AJIT AGRAWAL,Kurud,Independent,672

DINESH SAHU,Kurud,Independent,609

CHANDRAHAS SAHU,Kurud,Independent,353

RAGHUNANDAN SAHU,Kurud,Janata Dal  (United),347

DOMAR SINGH,Kurud,Independent,339

None of the Above,Kurud,None of the Above,3470

CHAKRADHAR SINGH SIDAR,Lailunga,Indian National Congress,81770

SATYANAND RATHIYA,Lailunga,Bharatiya Janata Party,57287

HRIDYA RAM RATHIYA,Lailunga,Janta Congress Chhattisgarh (J),12195

DARSHAN SIDAR,Lailunga,Gondvana Gantantra Party,2470

SHIVPAL BHAGAT,Lailunga,Independent,2000

SURESH KUMAR KUJUR,Lailunga,Independent,1559

GOVIND SINGH NETI,Lailunga,Independent,1052

SUNIL MINJ,Lailunga,Bhartiya Tribal Party,841

None of the Above,Lailunga,None of the Above,4092

DHARMJEET SINGH,Lormi,Janta Congress Chhattisgarh (J),67742

TOKHAN SAHU,Lormi,Bharatiya Janata Party,42189

SHATRUHAN (SONU) CHANDRAKAR,Lormi,Indian National Congress,16669

LALIT SAHU,Lormi,Independent,3706

SANAT KUMAR SAHU  (S/O BHUWAN LAL SAHU),Lormi,Independent,2526

TIRITH RAM,Lormi,Independent,1719

THA. MAHENDRA SINGH CHHATRI,Lormi,Aam Aadmi Party,1053

RAMKUMAR GHRITLAHRE,Lormi,Independent,941

SANAT KUMAR SAHU (S/O BANIHAR SAHU),Lormi,Independent,861

SANTOSH KUMAR SAHU,Lormi,Independent,852

RAMAVTAR NISHAD,Lormi,Shiv Sena,848

MILAU RAM YADAV,Lormi,Samajwadi Party,458

HARISH KUMAR KURREY,Lormi,Ambedkarite Party of India,405

HEERA SINGH KASHYAP,Lormi,Independent,363

PARDESHI RAM,Lormi,Independent,356

MANOJ KUMAR DHURVE,Lormi,Independent,335

PADARATH LAL SAHU,Lormi,Independent,304

ARUN KUMAR BANJARA,Lormi,Independent,274

None of the Above,Lormi,None of the Above,1143

DR. PRITAM RAM,Lundra,Indian National Congress,77773

VIJAYNATH SINGH,Lundra,Bharatiya Janata Party,55594

SUMITRA SINGH PAIKRA,Lundra,Independent,1949

PRADEEP BARWA,Lundra,Aam Aadmi Party,1884

MAYA BHAGAT,Lundra,Bahujan Samaj Party,1804

RAM PRASAD TEKAM,Lundra,Independent,1799

CHAKRADHARI SINGH,Lundra,Nationalist Congress Party,1567

MEENA SINGH TEKAM,Lundra,Communist Party of India  (Marxist),1562

RAM KUMAR SINGH,Lundra,Independent,1252

SUNA RAM EKKA,Lundra,Independent,1169

FRANSISKA TIRKEY,Lundra,Pichhara Samaj Party United,704

BHARAT SINGH MARAVI,Lundra,Independent,655

PARASNATH LAKRA,Lundra,Independent,529

CHAIN SAI KINDO,Lundra,Independent,511

NIRANJAN BARWA,Lundra,Independent,502

None of the Above,Lundra,None of the Above,2626

VINOD SEVAN LAL CHANDRAKAR,Mahasamund,Indian National Congress,49356

POONAM CHANDRAKAR,Mahasamund,Bharatiya Janata Party,26290

TRIBHUWAN MAHILANG,Mahasamund,Janta Congress Chhattisgarh (J),24839

MANOJ KANT SAHU,Mahasamund,Independent,21911

DR VIMAL CHOPRA,Mahasamund,Independent,21160

T.K. DADSENA,Mahasamund,Independent,1552

PANKAJ SAHU,Mahasamund,Independent,1445

PUJA DHRUW,Mahasamund,Independent,1270

ASHOK SONI,Mahasamund,Ambedkarite Party of India,1000

SANJAY YADAV,Mahasamund,Aam Aadmi Party,764

GANGU RAM THAKUR,Mahasamund,Independent,734

DEJIRANI NETAM,Mahasamund,Gondvana Gantantra Party,710

PARASRAM DHRUW LAHANGAR WALE,Mahasamund,Chhattisgarhi Samaj Party,642

KAUSHAL DEWANGAN,Mahasamund,Independent,560

KRISHNA KUMAR CHANDRAKAR,Mahasamund,Rashtriya Jansabha Party,361

None of the Above,Mahasamund,None of the Above,2085

DR. VINAY JAISWAL,Manendragarh,Indian National Congress,35819

SHYAM BIHARI JAISWAL,Manendragarh,Bharatiya Janata Party,31745

LAKHAN LAL SHRIVASTAVA (PANI WALE BABA),Manendragarh,Janta Congress Chhattisgarh (J),12907

ADITYA RAJ DAVID,Manendragarh,Gondvana Gantantra Party,11564

SATISH KUMAR SINGH,Manendragarh,Aam Aadmi Party,1004

DEEPAK KUMAR,Manendragarh,Independent,805

DIGAMBER SINGH,Manendragarh,Independent,766

JALJEET SINGH POYA,Manendragarh,Rashtriya Gondvana Party,526

DR. FLORENCE NIGHTINGLE SAGAR (DR. LAKRA MADAM),Manendragarh,Janata Dal  (United),374

PARATAP SINGH,Manendragarh,Bhartiya Panchyat Party,266

None of the Above,Manendragarh,None of the Above,2112

AJIT JOGI,Marwahi,Janta Congress Chhattisgarh (J),74041

ARCHANA PORTE,Marwahi,Bharatiya Janata Party,27579

GULAB SINGH RAJ,Marwahi,Indian National Congress,20040

RITU PANDRAM,Marwahi,Gondvana Gantantra Party,9978

CHANDRABHAN SINGH SHAYAM,Marwahi,Independent,5069

UMEND SINGH POTTAM,Marwahi,Shiv Sena,2140

LALJI MARKO,Marwahi,Aam Aadmi Party,1806

GULAB SINGH PAIKRA,Marwahi,Independent,1494

RAMLAL BHAINA,Marwahi,Independent,1422

KHELAN SINGH KORCHE,Marwahi,Ambedkarite Party of India,1100

None of the Above,Marwahi,None of the Above,4501

DR. KRISHNA MURTI BANDHI,Masturi,Bharatiya Janata Party,67950

JAYENDRA SINGH PATLE,Masturi,Bahujan Samaj Party,53843

DILIP LAHARIYA,Masturi,Indian National Congress,53620

HIRA GANDHARW,Masturi,Independent,1725

SANJAY TONDAN,Masturi,Independent,1400

HEMANT RAY,Masturi,Ambedkarite Party of India,1070

LAXMI PRASAD TANDAN,Masturi,Aam Aadmi Party,1061

JAGESHWAR PRASAD KURRE,Masturi,India Praja Bandhu Party,943

SAVITA GANDHARWA,Masturi,Independent,839

DHANESH KUMAR,Masturi,Shiv Sena,588

BARAN LAL KARIYARE,Masturi,Republican Party of India (A),375

None of the Above,Masturi,None of the Above,3437

INDRASHAH MANDAVI,Mohala-manpur,Indian National Congress,50576

KANCHAN MALA BHUARYA,Mohala-manpur,Bharatiya Janata Party,29528

SANJEET THAKUR,Mohala-manpur,Janta Congress Chhattisgarh (J),28740

SMT. KHAGESH THAKUR,Mohala-manpur,Independent,3769

RAJENDRA KUMAR USARE,Mohala-manpur,Gondvana Gantantra Party,1851

SIYARAM NUROTI,Mohala-manpur,Ambedkarite Party of India,1461

DHANESH KOLIYARE,Mohala-manpur,Independent,1394

PYARELAL KORATIA,Mohala-manpur,Shiv Sena,1371

ARJUN MANDAVI,Mohala-manpur,Aam Aadmi Party,1269

KANAK NAGVANSI,Mohala-manpur,Independent,1153

None of the Above,Mohala-manpur,None of the Above,4238

PUNNULAL MOHALE,Mungeli,Bharatiya Janata Party,60469

RAKESH PATRE,Mungeli,Indian National Congress,51982

CHANDRABHAN BARMATE,Mungeli,Janta Congress Chhattisgarh (J),32257

GOVIND NAT,Mungeli,Shiv Sena,2797

VIKAS KHANDEKER,Mungeli,Ambedkarite Party of India,1423

RAJKUMAR BANJARE,Mungeli,Gondvana Gantantra Party,1416

SANTRAM GENDARE,Mungeli,Independent,1385

TULSIDAS JANGDE,Mungeli,Independent,1261

RAMKUMAR GANDHARV,Mungeli,Aam Aadmi Party,1044

PRAMOD NARAYAN PATLE,Mungeli,Independent,782

None of the Above,Mungeli,None of the Above,3150

CHANDAN KASHYAP,Narayanpur,Indian National Congress,58652

KEDAR KASHYAP,Narayanpur,Bharatiya Janata Party,56005

NILAMBAR BAGHEL,Narayanpur,Independent,2696

NAREND KUMAR NAG,Narayanpur,Aam Aadmi Party,2576

BALIRAM KACHLAM,Narayanpur,Janta Congress Chhattisgarh (J),2249

RAMSHILA MANDAVI,Narayanpur,India Praja Bandhu Party,1756

PANEESH PRASAD NAG,Narayanpur,Ambedkarite Party of India,1485

None of the Above,Narayanpur,None of the Above,6858

GURUDAYAL SINGH  BANJARE,Navagarh,Indian National Congress,86779

DAYALDAS BAGHEL,Navagarh,Bharatiya Janata Party,53579

OMPRAKASH BATCHPAYI,Navagarh,Bahujan Samaj Party,18576

HEMANT KUMAR MAHILANG,Navagarh,Independent,3501

HIRALAL ANANT,Navagarh,Independent,3389

BHAI HARIKISHAN,Navagarh,Independent,1484

ANJORDAS GHRITLAHARE,Navagarh,Aam Aadmi Party,1081

LAKHVIR SINGH,Navagarh,Independent,677

RAJU PATREY,Navagarh,Shiv Sena,593

RAMAKANT RAY,Navagarh,Independent,369

ANAND NAWAGARHIYA,Navagarh,Independent,325

BHASKAR GHOSH,Navagarh,Independent,313

TEK RAM KOSHLE,Navagarh,Independent,275

BHAGBALI SIWARE,Navagarh,Independent,264

BHARAT LAL PATALEY,Navagarh,Independent,255

None of the Above,Navagarh,None of the Above,2196

MOHIT RAM,Pali-tanakhar,Indian National Congress,66971

HIRA SINGH MARKAM,Pali-tanakhar,Gondvana Gantantra Party,57315

UIKE RAMDYAL,Pali-tanakhar,Bharatiya Janata Party,32155

SUKHNANDAN SINGH PUHUP,Pali-tanakhar,Aam Aadmi Party,3239

CRESENTIA KUJUR,Pali-tanakhar,Independent,2954

TAPESHWAR SINGH MARAVI,Pali-tanakhar,Bahujan Samaj Party,2579

ALWAN SINGH,Pali-tanakhar,Ambedkarite Party of India,2166

DR.L.S. UDAY SINGH,Pali-tanakhar,Rashtriya Gondvana Party,1053

None of the Above,Pali-tanakhar,None of the Above,5128

INDU BANJARE,Pamgarh,Bahujan Samaj Party,50129

GORELAL BARMAN,Pamgarh,Indian National Congress,47068

AMBESH JANGRE,Pamgarh,Bharatiya Janata Party,32676

SANTRAM TURKE,Pamgarh,Independent,1048

KAMLESH KUMARI,Pamgarh,Shiv Sena,975

SHIV SHANKAR RAHI,Pamgarh,Independent,863

SANTOSH KUMAR KHUTEY,Pamgarh,Ambedkarite Party of India,743

MAHABIR JANGRE,Pamgarh,Independent,610

MUKESH KUMAR LAHARE,Pamgarh,Samajwadi Party,574

CHAITRAM DEV KHATKAR,Pamgarh,Aam Aadmi Party,515

NITA SAYTONDAY,Pamgarh,Chhattisgarh Swabhiman Manch,459

NAND KUMAR CHAUHAN,Pamgarh,Janata Dal  (United),378

DUJE URF DUJRAM KURRE,Pamgarh,National Democratic Peoples Front,253

BAHORIK MADHUKAR,Pamgarh,India Praja Bandhu Party,243

None of the Above,Pamgarh,None of the Above,1470

MAMTA CHANDRAKAR,Pandariya,Indian National Congress,100907

MOTIRAM CHANDRAVANSHI,Pandariya,Bharatiya Janata Party,64420

CHAITRAM RAJ,Pandariya,Bahujan Samaj Party,33547

HARENDRA KUMAR DAHIRE,Pandariya,Independent,2511

RAMKUMAR SINHA,Pandariya,Independent,2450

RESHAMLAL PATRE,Pandariya,Independent,2266

NARENDRA TIWARI,Pandariya,Shiv Sena,1558

GHANSHYAM YADAV,Pandariya,Independent,1381

NARAYAN SINGH BAUDDH,Pandariya,Independent,1341

CHANDRAPRATAP SAHU,Pandariya,Independent,800

DHARMENDRA KUMAR,Pandariya,Independent,657

"SANDEEP TIWARI ""RAJ""",Pandariya,Bhartiya Sarvjan Hitay Samaj Party,476

None of the Above,Pandariya,None of the Above,5234

BHUPESH BAGHEL,Patan,Indian National Congress,84352

MOTILAL SAHU,Patan,Bharatiya Janata Party,56875

SHAKUNTALA SAHU,Patan,Janta Congress Chhattisgarh (J),13201

HAIDAR BHATEE,Patan,Independent,1450

DINESH KUMAR KURRE,Patan,Ambedkarite Party of India,788

RAM PRASAD KOSLE NETA JI,Patan,Rashtriya Jansabha Party,621

DURGA JHA,Patan,Aam Aadmi Party,495

TIKENDRA VERMA,Patan,Independent,492

DR. HARISHCHANDRA SAHU,Patan,Independent,456

None of the Above,Patan,None of the Above,3939

RAMPUKAR SINGH THAKUR,Pathalgaon,Indian National Congress,96599

SHIVSHANKAR PAINKARA,Pathalgaon,Bharatiya Janata Party,59913

M. S. PAINKARA,Pathalgaon,Janta Congress Chhattisgarh (J),3915

YAGYA KUMAR BHAGAT,Pathalgaon,Independent,2619

PATRIK BAKHLA,Pathalgaon,Independent,1175

MEERA TIRKEY,Pathalgaon,Aam Aadmi Party,854

TIKESHWAR EKKA,Pathalgaon,Independent,821

RUPNARAYAN EKKA,Pathalgaon,Bahujan Mukti Party,818

KARTIK SAI SIDAR,Pathalgaon,Independent,533

LALESHWAR JAGAT,Pathalgaon,Gondvana Gantantra Party,494

SWAMI KARTIK BHAGAT,Pathalgaon,Bharatiya Bahujan Congress,459

None of the Above,Pathalgaon,None of the Above,5159

DR. PREMSAI SINGH TEKAM,Pratappur,Indian National Congress,90148

RAMSEWAK PAIKRA,Pratappur,Bharatiya Janata Party,46043

ASHA DEVI POYA,Pratappur,Gondvana Gantantra Party,17341

DR. NARENDRA PRATAP SINGH,Pratappur,Janta Congress Chhattisgarh (J),5977

CHHOTELAL TIRKEY,Pratappur,Aam Aadmi Party,1971

VIRNARAYAN SINGH,Pratappur,Independent,1808

PREMSAI SINGH FATHER LAKSHAN,Pratappur,Independent,1375

RAMASAPNA SINGH,Pratappur,Ambedkarite Party of India,1181

PREMSAI SINGH FATHER RAMVRIKSHA AAYAM,Pratappur,Independent,792

NARESH BEK,Pratappur,Bahujan Mukti Party,741

PREMSAI,Pratappur,Independent,692

DHANPAT SINGH AAYAM,Pratappur,Independent,569

None of the Above,Pratappur,None of the Above,5741

KHEL SAI SINGH,Premnagar,Indian National Congress,66475

VIJAY PRATAP SINGH,Premnagar,Bharatiya Janata Party,51135

JAINATH SINGH KERAM,Premnagar,Gondvana Gantantra Party,26388

PANKAJ TIWARI,Premnagar,Janta Congress Chhattisgarh (J),11842

ANJAY JAIN,Premnagar,Aam Aadmi Party,2178

SURAJLAL RAVI,Premnagar,Independent,2091

ALOK KUMAR SAHU,Premnagar,Independent,1797

SEEMA SINGH TEKAM,Premnagar,Independent,1250

DEV KUMARI SINGH SANDILYA,Premnagar,Independent,1130

VIDYA BAI BAGHEL,Premnagar,Independent,1063

KRISHNA KUMAR DEVANGAN,Premnagar,Independent,801

KHEMRAJ SINGH,Premnagar,Bhartiya Panchyat Party,717

MALTI BIHARI RAJWADE,Premnagar,Janata Dal  (United),608

None of the Above,Premnagar,None of the Above,4058

PRAKASH SHAKRAJEET NAIK,Raigarh,Indian National Congress,69062

ROSHANLAL,Raigarh,Bharatiya Janata Party,54482

VIJAY AGRAWAL,Raigarh,Independent,42914

RAVISHANKAR PATEL,Raigarh,Independent,7823

VIBHAS SINGH THAKUR,Raigarh,Janta Congress Chhattisgarh (J),5823

BIRSINGH NAGESH,Raigarh,Bhartiya Tribal Party,2114

MUKUND GUPTA,Raigarh,Independent,1918

CHEHARALAL CHOUHAN,Raigarh,Independent,1486

BHARAT KUMAR DUBEY (OM TENT),Raigarh,Independent,777

RAJESH TRIPATHI,Raigarh,Aam Aadmi Party,499

MAHESH KUMAR KHOBRAGADE,Raigarh,Ambedkarite Party of India,476

SHARMILA DEVI,Raigarh,Bharatiya Rashtravadi Samanta Party,429

RAJESH JAIN,Raigarh,Shiv Sena,384

GOVIND DUBEY (AD.),Raigarh,Independent,319

TEJRAM MALAKAR,Raigarh,Independent,291

NURUL SHAMS ALIAS JAVED ALI,Raigarh,Independent,282

NAZIR AHMAD,Raigarh,Independent,239

None of the Above,Raigarh,None of the Above,2215

SATYANARAYAN SHARMA,Raipur City Gramin,Indian National Congress,78468

NAND KUMAR SAHU (NANDE BHAIYA),Raipur City Gramin,Bharatiya Janata Party,68015

DR. OMPRAKASH DEWANGAN,Raipur City Gramin,Janta Congress Chhattisgarh (J),17175

PITAMBAR JANGDE,Raipur City Gramin,Independent,1483

NARENDRA KUMAR BAGHEL,Raipur City Gramin,Independent,1106

DR. SANKET THAKUR,Raipur City Gramin,Aam Aadmi Party,1096

GAIND LAL DADSENA,Raipur City Gramin,Independent,940

CHANDRAKANT BHAI SOLANKI,Raipur City Gramin,Independent,727

SANDEEP YADU,Raipur City Gramin,Independent,546

BALDEV PRAKASH DWIVEDI,Raipur City Gramin,Independent,473

BUDHARU RAM BANJARE,Raipur City Gramin,Independent,370

MOTIRAM VERMA,Raipur City Gramin,Independent,308

BANMALI CHHURA,Raipur City Gramin,Bharatiya Bahujan Party,224

FULRAJ VARMA,Raipur City Gramin,Bharatiya Bahujan Congress,194

KRISHNA MURARI YADAV,Raipur City Gramin,Independent,170

SATYANARAYAN,Raipur City Gramin,Independent,139

LAKHAMOORAM TANDON,Raipur City Gramin,Rashtriya Jansabha Party,135

RAJENDRA KUMAR SAHU,Raipur City Gramin,Independent,118

MD. USMAN SHAKH,Raipur City Gramin,Independent,113

MOHAMMAD AURANGJEB,Raipur City Gramin,Independent,102

MANGALCHAND,Raipur City Gramin,Republican Party of India (A),81

SMT. SHAMEEM KHAN,Raipur City Gramin,Bhartiya Lokmat Rashtrwadi Party,75

None of the Above,Raipur City Gramin,None of the Above,955

KULDEEP JUNEJA,Raipur City North,Indian National Congress,59843

SHRI CHAND SUNDRANI,Raipur City North,Bharatiya Janata Party,43502

AMAR GIDWANI,Raipur City North,Janta Congress Chhattisgarh (J),2510

YOGENDRA SEN,Raipur City North,Aam Aadmi Party,898

SHANKAR LAL VARANDANI,Raipur City North,Independent,686

SHEKHAR TANDI,Raipur City North,Independent,373

HARI BANDHU NAIK,Raipur City North,Independent,323

NISHAR JAHAN,Raipur City North,Independent,176

HAIDER BHATI,Raipur City North,Independent,142

MO. MEHNDI HASAN BHATI,Raipur City North,Independent,139

VIKAS MOTWANI,Raipur City North,Shiv Sena,132

M. ZUBAIR KHAN,Raipur City North,Ambedkarite Party of India,129

PRAKASH NARAYAN SHUKLA,Raipur City North,Akhil Bharat Hindu Mahasabha,121

MD. DANISH QUADRI,Raipur City North,Independent,78

IQBAL ALI,Raipur City North,Independent,72

MO. JAVED BHATI,Raipur City North,Independent,70

DR KAILASH ADIL,Raipur City North,Independent,60

PRAVIN JAIN,Raipur City North,Akhil Bhartiya Sarvadharma Samaj Party,56

None of the Above,Raipur City North,None of the Above,705

BRIJMOHAN AGRAWAL,Raipur City South,Bharatiya Janata Party,77589

KANHAIYA AGRAWAL,Raipur City South,Indian National Congress,60093

UMESH DAS MANIKPURI,Raipur City South,Bahujan Samaj Party,1514

MUNNA BISEN,Raipur City South,Aam Aadmi Party,1363

MANISH THAKUR,Raipur City South,Bhartiya Tribal Party,491

AATMADAS  MAHESHWARI,Raipur City South,Rashtriya Jansabha Party,354

MUKESH KUMAR LOKHANDE,Raipur City South,Ambedkarite Party of India,316

MANISH SHRIVASTAV,Raipur City South,Independent,260

RESHAM LAL JANGDE,Raipur City South,Shiv Sena,226

SANTOSH SAHU,Raipur City South,Independent,221

NUSRAT  BEGUM,Raipur City South,Independent,210

MANJU BAI YADAV,Raipur City South,Independent,205

ABDUL RAZZAK,Raipur City South,Independent,189

BISESHER BAGHMAR,Raipur City South,Bhartiya Panchyat Party,185

NEERAJ SAINI (PUJARI),Raipur City South,Akhil Bharat Hindu Mahasabha,166

ANIL KUMAR KADAM,Raipur City South,Independent,166

HABIB KHAN,Raipur City South,Independent,152

SMT. RUBEENA ANJUM,Raipur City South,Independent,150

PAVAN SHUKLA,Raipur City South,Independent,145

MAZHAR IQBAL,Raipur City South,Rashtriya Gondvana Party,138

BHARATLAL SONI,Raipur City South,Bharat Bhoomi Party,124

SHEKH RAHMUDOODIN,Raipur City South,Independent,99

A. NAZIR,Raipur City South,Independent,98

ILIYAS HUSSAIN,Raipur City South,Bhartiya Sarvjan Hitay Samaj Party,86

JAGESHWER PRASAD TIWARI,Raipur City South,Janata Dal  (United),80

SHEIKH ASIF KHAN,Raipur City South,Independent,79

DR. GOJUPAUL,Raipur City South,Republican Party of India (A),78

ABDUL SHEIKH NAIM,Raipur City South,Independent,77

SUBHASH KURRE,Raipur City South,Independent,76

PRAVIN JAIN,Raipur City South,Akhil Bhartiya Sarvadharma Samaj Party,73

DHEERAJ TIWARI,Raipur City South,Anjaan Aadmi Party,66

IMRAN BAKS,Raipur City South,Independent,62

EMRAN ALI,Raipur City South,Independent,62

MO. AJAZ AHMED,Raipur City South,Independent,58

SHAYRA BANO,Raipur City South,Independent,54

NAIM ANSARI,Raipur City South,Independent,54

ASHA BARELE,Raipur City South,Independent,48

SHANKAR LAL VARANDANI,Raipur City South,Independent,44

AAMNA BEGAM,Raipur City South,Independent,41

RUMANA HUSSAIN,Raipur City South,Independent,39

SHARIQ  ALMAS,Raipur City South,Independent,37

M. VAKIL SHDDHAQUI,Raipur City South,Independent,35

SALIM KHAN,Raipur City South,Independent,32

MO. AHMAD,Raipur City South,Independent,30

SHAGUFTA AFROZ,Raipur City South,Independent,27

SHABUDDIN,Raipur City South,Independent,25

None of the Above,Raipur City South,None of the Above,1521

VIKAS UPADHYAY,Raipur City West,Indian National Congress,76359

RAJESH MUNAT,Raipur City West,Bharatiya Janata Party,64147

BHOJRAJ GAURKHEDE,Raipur City West,Bahujan Samaj Party,2271

UTTAM JAYASVAL,Raipur City West,Aam Aadmi Party,984

AJAY MISHRA,Raipur City West,Independent,591

ARUN HARPAL,Raipur City West,Bhartiya Kisan Party,480

ASHOK KUMAR BHAWSAGAR,Raipur City West,Independent,419

BHARAT NAYAK,Raipur City West,Independent,363

AWDHESH KUMAR UPADHYAY,Raipur City West,Independent,357

KANTI YADAV,Raipur City West,Independent,329

RAKESH LAHARI,Raipur City West,Independent,251

USHA BAGHEL,Raipur City West,Independent,205

RAGHUNANDAN SAHU,Raipur City West,Independent,201

INDRA KUMAR CHANDRAKAR,Raipur City West,Independent,196

ENGINEER AZMUL HASAN,Raipur City West,Independent,154

RADHESHYAM YADAV,Raipur City West,Independent,149

SMT. REKHA SAHU,Raipur City West,Independent,147

RAM SAJEEVAN GUPTA,Raipur City West,Independent,140

NAVIN GUPTA,Raipur City West,Samajwadi Party,135

PRADEEP SINGH THAKUR,Raipur City West,Shiv Sena,121

PREMDAS RAO,Raipur City West,Ambedkarite Party of India,120

ENGINEER ASHOK TAMRAKAR,Raipur City West,Chhattisgarhi Samaj Party,110

BHARAT SINGH RAJPUT,Raipur City West,Independent,101

SHIVKUMAR SAHU ALIAS GOLU SAHU,Raipur City West,Independent,97

DR. KHEMSINGH TELI,Raipur City West,Independent,94

BILLAKURTY GAURAV,Raipur City West,Bharat Bhoomi Party,93

HARINDER ARORA,Raipur City West,Republican Party of India (A),86

TILOKA BAI SAHU,Raipur City West,Independent,81

VISHNU RAM SAHU,Raipur City West,Independent,78

PRITI SAGAR,Raipur City West,Independent,76

DINDAYAL BANJARE,Raipur City West,Independent,70

SUNIL YADAV,Raipur City West,Chhattisgarh Sanyukt Jatiye Party,69

BAIKUNTH SONA,Raipur City West,Independent,68

SHRI DIGAMBAR JANAKPURI,Raipur City West,Independent,58

NOOR SHABA,Raipur City West,Independent,54

GANGA BAI SAHU,Raipur City West,Independent,46

TUKARAM SAHU,Raipur City West,Independent,43

None of the Above,Raipur City West,None of the Above,779

AMITESH SHUKLA,Rajim,Indian National Congress,99041

SANTOSH UPADHYAY,Rajim,Bharatiya Janata Party,40909

ROHIT SAHU,Rajim,Janta Congress Chhattisgarh (J),23776

VISHWANATH SONWANI,Rajim,Independent,1474

BHUSHAN SAHU,Rajim,Bhartiya Shakti Chetna Party,1136

TEJRAM SAHU VIDROHI,Rajim,Communist Party of India (Marxist-Leninist) Red Star,934

PARDESHI RAM DHRUW,Rajim,Gondvana Gantantra Party,769

DEVRAJ THAKUR,Rajim,Independent,662

RAJA THAKUR,Rajim,Aam Aadmi Party,610

GANESH SONI URF BABA,Rajim,Independent,574

GOPAL JETHI,Rajim,Independent,420

FALENDRA KUMAR SAHU,Rajim,Pichhara Samaj Party United,404

None of the Above,Rajim,None of the Above,4844

DR. RAMAN SINGH,Rajnandgaon,Bharatiya Janata Party,80589

KARUNA SHUKLA,Rajnandgaon,Indian National Congress,63656

DEEPAK YADAV,Rajnandgaon,Janta Congress Chhattisgarh (J),1858

KAILASH SHRIVASTAVA,Rajnandgaon,Independent,1782

DR. UDAY RATRE,Rajnandgaon,Independent,1093

KRISHN KUMAR SINGH (PAPPU THAKUR),Rajnandgaon,Independent,715

AGYARAM CHOUHAN,Rajnandgaon,Pichhara Samaj Party United,607

SUKRIT DAS SAHU,Rajnandgaon,Independent,463

GURUSARAN SINGH,Rajnandgaon,Independent,414

VARUN TIWARI,Rajnandgaon,Aam Aadmi Party,363

ARVIND TIWARI,Rajnandgaon,Independent,308

LEKHU SANJAY SAHU CHHATTISGARIA,Rajnandgaon,Chhattisgarh Swabhiman Manch,279

YOUGALKISHOR SONTEKE,Rajnandgaon,Ambedkarite Party of India,260

AMOD WADEKAR,Rajnandgaon,Independent,242

PRATIMA SANTOSH WASNIK,Rajnandgaon,Republican Paksha (Khoripa),202

RITESH KUMAR MESHRAM,Rajnandgaon,Independent,192

PREMNARAYAN VERMA,Rajnandgaon,Chhattisgarh Mukti Morcha,192

JAIPRAKASH SIRVANI,Rajnandgaon,Independent,178

SHYAM RAO SUKHDEVE,Rajnandgaon,Independent,166

ANISH KHAN,Rajnandgaon,Independent,145

AKIL KHAN,Rajnandgaon,Independent,124

LEKHRAM BAGHEL,Rajnandgaon,Independent,119

SUNIL YADAV,Rajnandgaon,Chhattisgarh Sanyukt Jatiye Party,114

DINESH NAMDEO,Rajnandgaon,Independent,74

YUSUF BHAI CHHATTISGADIHA,Rajnandgaon,Independent,51

MOHAMMAD AKIL GORI,Rajnandgaon,Independent,50

RAJKUMAR,Rajnandgaon,Independent,49

PADAM CHAND LALWANY 'JAIN',Rajnandgaon,Independent,47

RAMCHARAN YADAW,Rajnandgaon,Independent,45

RAJMAHANT RAMDAYAL DAHARIYA,Rajnandgaon,Independent,23

None of the Above,Rajnandgaon,None of the Above,1501

BRIHASPAT SINGH,Ramanujganj,Indian National Congress,64580

RAMKISHUN SINGH,Ramanujganj,Bharatiya Janata Party,31664

VINAY PAIKRA,Ramanujganj,Independent,29241

MOHAN SINGH,Ramanujganj,Janta Congress Chhattisgarh (J),10354

DAYA SHANKAR MARKAM,Ramanujganj,Gondvana Gantantra Party,4691

SHRAWAN SINGH,Ramanujganj,Independent,1676

BABLA NAND RAGHUVANSHI,Ramanujganj,Ambedkarite Party of India,1449

MOTILAL PANDO,Ramanujganj,Independent,1429

SYAMLAL MARKAM,Ramanujganj,Independent,1224

JAILAL LAKRA,Ramanujganj,Janata Dal  (United),1069

DHARMU EKKA,Ramanujganj,Bahujan Mukti Party,1037

RAJPAL SINGH NAGWANSHI,Ramanujganj,Independent,969

SUGRIV RAM,Ramanujganj,Aam Aadmi Party,844

DAYANAND SINGH,Ramanujganj,Independent,591

None of the Above,Ramanujganj,None of the Above,4055

NANKI RAM KANWAR,Rampur,Bharatiya Janata Party,65048

PHOOL SINGH RATHIYA,Rampur,Janta Congress Chhattisgarh (J),46873

SHYAM LAL KANWAR,Rampur,Indian National Congress,44261

CHANDRABHUSHAN KANWAR ADHIWAKTA LLM,Rampur,Ambedkarite Party of India,2451

RAMDAYAL URAON,Rampur,Independent,1842

TULSI RAM KHAIRWAR,Rampur,Independent,1525

DILIP SINGH KANWAR,Rampur,Adhikar Vikas Party,1407

None of the Above,Rampur,None of the Above,4609

RAVINDRA CHAUBE,Saja,Indian National Congress,95658

LABHCHAND BAFNA,Saja,Bharatiya Janata Party,64123

TEKSINGH CHANDEL,Saja,Janta Congress Chhattisgarh (J),6206

BASANT AGRAWAL,Saja,Independent,5700

LOCHAN SAHU,Saja,Independent,4274

ASHOK KUMAR SINGHANIYA,Saja,Aam Aadmi Party,637

RAKESH SINGH,Saja,Independent,602

KAUSHILYA NARANG,Saja,Independent,491

GULAB SINGH LODHI,Saja,Bhartiya Shakti Chetna Party,368

YESWANT BHARGOW,Saja,Independent,308

CHITREN LODHI,Saja,Shiv Sena,303

BHAGATRAM,Saja,Independent,262

ROHIT SINHA,Saja,Janata Dal  (United),204

KISHAN SAHU,Saja,Independent,199

ASHOK TANDULKER,Saja,Independent,146

None of the Above,Saja,None of the Above,5840

CHARAN DAS MAHANT,Sakti,Indian National Congress,78058

MEDHA RAM SAHU,Sakti,Bharatiya Janata Party,48012

GAUTAM RATHORE,Sakti,Bahujan Samaj Party,13907

KALESHWAR SINGH  MARAVI,Sakti,Gondvana Gantantra Party,1202

SATYANARAYAN PATEL,Sakti,Independent,1132

COMRADE ANIL SHARMA,Sakti,Communist Party of India,1006

MEGHARAM SAHU,Sakti,Nationalist Congress Party,920

SURAJ KUMAR YADAV,Sakti,Independent,754

PRAKASH KUMAR URAON,Sakti,Independent,555

VIJAY MAURYA,Sakti,Aam Aadmi Party,485

NATWAR LAL GOND,Sakti,Independent,457

SURYAKANT RATHORE,Sakti,Shiv Sena,385

KHOMRAM  JANGDE,Sakti,Independent,324

RAMNARAYAN RATHORE,Sakti,Kisan Mazdoor Sangharsh Party,241

None of the Above,Sakti,None of the Above,1057

CHINTAMANI MAHRAJ,Samri,Indian National Congress,80620

SIDHNATH PAIKRA,Samri,Bharatiya Janata Party,58697

MITKOO BHAGAT,Samri,Bahujan Samaj Party,6587

ARJUN SANDILY,Samri,Samajwadi Party,1968

PAWAN KUMAR NAG,Samri,Bahujan Mukti Party,1824

RADHESHYAM NAGESIYA,Samri,Independent,1707

MUKESH PRASAD SANDILYA,Samri,Independent,1671

ANAND TIGGA,Samri,Independent,1554

DR SOHAN LAL KANWAR,Samri,Aam Aadmi Party,1114

AJEET KUMAR SINGH,Samri,Independent,833

None of the Above,Samri,None of the Above,6250

SANGEETA SINHA,Sanjari balod,Indian National Congress,90428

PAWAN SAHU,Sanjari balod,Bharatiya Janata Party,62940

ARJUN HIRWANI,Sanjari balod,Janta Congress Chhattisgarh (J),12664

BHUPESH KUMAR SAHU,Sanjari balod,Independent,2401

KAMINI DHURVE,Sanjari balod,Aam Aadmi Party,1770

GHANSHYAM SINGH THAKUR,Sanjari balod,Independent,961

ROHIT KUMAR NISHAD,Sanjari balod,Shiv Sena,614

RENU YADAV,Sanjari balod,Samajwadi Party,500

MANOJ KUMAR SORI,Sanjari balod,National Democratic Peoples Front,280

None of the Above,Sanjari balod,None of the Above,2913

KISMAT LAL NAND,Saraipali,Indian National Congress,100302

SHYAM TANDI,Saraipali,Bharatiya Janata Party,48014

CHHABILAL RATRE,Saraipali,Bahujan Samaj Party,1849

RAMPRASAD CHAUHAN,Saraipali,Bharatiya Prajatantrik Shudh Gandhiwadi Krishak Dal,1093

PRABHAKAR GWAL,Saraipali,Aam Aadmi Party,1064

PADMACHARAN NAG,Saraipali,Shiv Sena,926

SETRAM BHASKAR,Saraipali,Independent,924

MAHENDRA GOVIND RAM KHATKAR,Saraipali,Ambedkarite Party of India,906

None of the Above,Saraipali,None of the Above,3270

UTTARI GANPAT JANGDE,Sarangarh,Indian National Congress,101834

KERA BAI  MANAHAR,Sarangarh,Bharatiya Janata Party,49445

ARVIND KHATKER,Sarangarh,Bahujan Samaj Party,31083

SANTOSHI,Sarangarh,Independent,1476

KRISHNA CHAND BHARDVAJ,Sarangarh,Independent,1147

SANTOSH KUMAR CHAUHAN,Sarangarh,Independent,1139

DEVANAND NIRALA,Sarangarh,Bharatiya Bahujan Congress,1076

SEEMA  AJAY,Sarangarh,Ambedkarite Party of India,1055

SUBHASH CHAUHAN,Sarangarh,Aam Aadmi Party,1024

DHANKA  NIRALA,Sarangarh,Independent,771

GHURAU SARTHI,Sarangarh,Independent,748

MANGAL PRASAD MAHESH,Sarangarh,Bhartiya Lokmat Rashtrwadi Party,495

RAVINDRA KUMAR RATRE,Sarangarh,Sunder Samaj Party,389

None of the Above,Sarangarh,None of the Above,2342

DR. LAKSHMI DHRUW,Sihawa,Indian National Congress,88451

PINKY SHIVRAJ SHAH,Sihawa,Bharatiya Janata Party,43015

VINOD KUMAR NAGWANSHI,Sihawa,Gondvana Gantantra Party,8126

MAKHAN LAL MARKAM,Sihawa,Independent,4729

SHANTANU SOM,Sihawa,Janta Congress Chhattisgarh (J),2312

AKBAR MANDAVI,Sihawa,Aam Aadmi Party,1544

JAGANNATH DHRUW,Sihawa,Loktantrik Samajwadi Party,1399

MADALSA DHRUV (RUKHMANI),Sihawa,Independent,1155

BHAGIRAM MANDAVI,Sihawa,Independent,746

JETHURAM DHRUV,Sihawa,Independent,541

ISHWAR LAL KORRAM,Sihawa,Ambedkarite Party of India,371

None of the Above,Sihawa,None of the Above,4306

AMARJEET BHAGAT,Sitapur,Indian National Congress,86670

PROFESSOR GOPAL RAM,Sitapur,Bharatiya Janata Party,50533

SETRAM BARA,Sitapur,Janta Congress Chhattisgarh (J),2495

SHANTI PRAKASH,Sitapur,Independent,1938

ASHOK TIRKEY,Sitapur,Aam Aadmi Party,1680

MUNNA TOPPO,Sitapur,Independent,1629

VIPIN BIHARI PAIKARA,Sitapur,Independent,890

RAMCHANDRA PAIKARA,Sitapur,Independent,876

JEMS TOPPO,Sitapur,Independent,500

GOPAL RAM TIGGA,Sitapur,Independent,452

GOPAL RAM LAKRA,Sitapur,Independent,371

None of the Above,Sitapur,None of the Above,5189

RASHMI ASHISH SINGH,Takhatpur,Indian National Congress,52616

SANTOSH KAUSHIK (GURUJI),Takhatpur,Janta Congress Chhattisgarh (J),49625

HARSHITA PANDEY,Takhatpur,Bharatiya Janata Party,45622

BALRAM SAHU,Takhatpur,Independent,1861

ANIL BAGHEL,Takhatpur,Aam Aadmi Party,1564

PRATEEK PANDEY,Takhatpur,Independent,1422

SIDDHRAM LAHARE,Takhatpur,Rashtriya Jansabha Party,1330

HORILAL MAHRA,Takhatpur,Shiv Sena,941

BHAGIRATHI KURRE,Takhatpur,Independent,795

GEETA RAM SAHU,Takhatpur,Bhartiya Shakti Chetna Party,750

JAGANNATH PRASAD DHURW,Takhatpur,Rashtriya Gondvana Party,690

GIRISH PATLE,Takhatpur,Ambedkarite Party of India,582

RAGHUVANSHMADI KHAIRWAR,Takhatpur,Independent,470

DURPATI DEVI SURYAVANSHI,Takhatpur,Independent,458

NIYANTA KURRE,Takhatpur,Independent,456

SATISH SONWANI,Takhatpur,Aap Sabki Apni Party,448

DEVANAND KAUSHIK,Takhatpur,Independent,360

AJAY KUMAR JANGRE,Takhatpur,Independent,334

SUSHANT KUMAR PATREY,Takhatpur,Independent,309

RAMESH KUMAR VASTRAKAR,Takhatpur,Independent,293

RAMCHANDRA KARDA,Takhatpur,Independent,270

SURENDRA KUMAR LAHARE,Takhatpur,Independent,222

SADHELAL SULTAN,Takhatpur,Independent,161

SATISH KUMAR GHRITLAHARE,Takhatpur,Independent,143

None of the Above,Takhatpur,None of the Above,916

VIDYA RATAN BHASIN,Vaishali Nagar,Bharatiya Janata Party,72920

BADRUDDIN QURESHI,Vaishali Nagar,Indian National Congress,54840

MANOJ KUMAR,Vaishali Nagar,Janta Congress Chhattisgarh (J),10696

HEMANT CHAUHAN,Vaishali Nagar,Independent,797

ANJULA BHARGAVA,Vaishali Nagar,Aam Aadmi Party,777

SHANKAR LAL SAHU,Vaishali Nagar,Bhrashtachar Mukti Morcha,568

LATA NUNHADE,Vaishali Nagar,Chhattisgarh Swabhiman Manch,472

ASHWINI KUMAR SHUKLA,Vaishali Nagar,Swabhiman Party,448

PANKAJ SIRSAT,Vaishali Nagar,Ambedkarite Party of India,414

SUBEDAR SINGH YADAV,Vaishali Nagar,Samajwadi Party,412

YAGESHWAR SAHU,Vaishali Nagar,Independent,381

RAJKISHOR GUPTA,Vaishali Nagar,Independent,379

NAZRUL KHAN,Vaishali Nagar,Independent,356

JANISAR AKHTAR,Vaishali Nagar,Independent,306

ALI HUSSAIN SIDDIQUI,Vaishali Nagar,Independent,185

None of the Above,Vaishali Nagar,None of the Above,2724

